Old,New
ACC DISTRIBUTORS INC ACC DISTRIBUTORS - LEESBURG GA,ACC Distributors
ACC DISTRIBUTORS INC ACC DISTRIBUTORS INC,ACC Distributors
ACME PAPER & SUPPLY CO ACME PAPER & SUPPLY CO,Acme
BBFOODS BBFOODS,BB Foods
BEN E KEITH BEN E KEITH - ALBUQUERQUE,Ben E Keith
BEN E KEITH BEN E KEITH - AMARILLO,Ben E Keith
BEN E KEITH BEN E KEITH - DALLAS/FORT WORTH,Ben E Keith
BEN E KEITH BEN E KEITH - HOUSTON,Ben E Keith
BEN E KEITH BEN E KEITH - LITTLE ROCK,Ben E Keith
BEN E KEITH BEN E KEITH - OKLAHOMA CITY,Ben E Keith
BEN E KEITH BEN E KEITH - SAN ANTONIO,Ben E Keith
BEN E KEITH BEN E KEITH FORT WORTH,Ben E Keith
BEN E KEITH BEN E KEITH LITTLE ROCK,Ben E Keith
BEN E KEITH BEN E KEITH OKLAHOMA,Ben E Keith
BEN E KEITH BEN E KEITH SAN ANTONIO,Ben E Keith
BEN E KEITH BEN E KEITH-AMARILLO,Ben E Keith
C.D. HARTNETT C.D. HARTNETT - DISTRIBUTION CENTER,CD Hartnett
COSTA FRUIT & PRODUCE BOSTON,Costa
CRS ONESOURCE CRS ONESOURCE,CRS
DANIELSEN COMPANY DANIELSEN COMPANY - CHICO CA,Danielsen
DOERLE FOOD SERVICES L.L.C. DOERLE FOOD SERVICES L.L.C.,Doerle
"FEESERS, INC. FEESERS, INC.",Feesers
FOOD SERVICE AMERICA FSA ANCHORAGE,USF
FOOD SERVICE AMERICA FSA BILLINGS,USF
FOOD SERVICE AMERICA FSA BOISE,Shamrock
FOOD SERVICE AMERICA FSA CASH-WA DIST OF FARGO,Cash-Wa
FOOD SERVICE AMERICA FSA DAKOTA GRP,Cash-Wa
FOOD SERVICE AMERICA FSA EVERETT,USF
FOOD SERVICE AMERICA FSA FARGO,USF
FOOD SERVICE AMERICA FSA LOVELAND,USF
FOOD SERVICE AMERICA FSA MINOT,USF
FOOD SERVICE AMERICA FSA PORTLAND,USF
FOOD SERVICE AMERICA FSA SEATTLE,USF
FOOD SERVICE AMERICA FSA SPOKANE,USF
FOOD SERVICE AMERICA HWF HARBOR FOODSVC OF SEATTLE,Harbor
FOOD SERVICE AMERICA SF  SHAMROCK FOODS,Shamrock
FOOD SERVICES INC. FOOD SERVICES INC.,FSI
"FOODPRO, INC. FOODPRO",Foodpro
GOLD STAR FOODS GSDROPSHIP,Good Source
GOLD STAR FOODS GSF,Good Source
GOLD STAR FOODS NC,Good Source
GOOD SOURCE SAN DIEGO,Good Source
GORDON FOOD SERVICE BRIGHTON,Gordon
GORDON FOOD SERVICE CLAY,Gordon
GORDON FOOD SERVICE DOUGLASVILLE,Gordon
GORDON FOOD SERVICE GREEN OAK,Gordon
GORDON FOOD SERVICE HOUSTON,Gordon
GORDON FOOD SERVICE IMPERIAL,Gordon
GORDON FOOD SERVICE KANNAPOLIS,Gordon
GORDON FOOD SERVICE KENOSHA,Gordon
GORDON FOOD SERVICE MIAMI,Gordon
GORDON FOOD SERVICE PLANT CITY,Gordon
GORDON FOOD SERVICE SHEPHERDSVILLE,Gordon
GORDON FOOD SERVICE SPRINGFIELD,Gordon
GORDON FOOD SERVICE TAUNTON,Gordon
HPC FOODSERVICE SOUTH WINDSOR,HPC FS
JORDANO'S FOOD SERVICE JORDANO'S FOOD SERVICE,Jordanos
KOHL WHOLESALE KOHL WHOLESALE,Kohl
"LATINA BOULEVARD FOODS, LLC LATINA BOULEVARD FOODS, LLC",Latina
LEABO FOODS DISTRIBUTION INC LEABO FOODS - ONTARIO CA,Leabo
M&R FROSTED FOODS M&R FROSTED FOODS,M&R
"MAINES PAPER & FOOD SERVICE MAINES - CONKLIN, NY",Maines
MAPLE LEAF FOODS INC MAPLE LEAF,Latina
MAPLEVALE FARMS MAPLEVALE FARMS,Maplevale
MERCHANTS FOODSERVICE CLANTON OPERATIONS,Merch FS
MERCHANTS FOODSERVICE JACKSON OPERATIONS,Merch FS
MERCHANTS FOODSERVICE NEWBERRY OPERATIONS,Merch FS
MERCHANTS GROCERY COMPANY INC MERGC,Merchants Grocery
NICHOLAS & COMPANY LAS VEGAS,Nicholas
NICHOLAS & COMPANY SALT LAKE CITY,Nicholas
PALMER FOODSERVICE PALMER FOODSERVICE,Palmer
"PFG-ELLENBEE ELLENBEE LEGGETT CO, INC.",PFG
PFG-FOODSTAR PERFORMANCE FOODSERVICE CARO,PFG
PFG-FOODSTAR PERFORMANCE FOODSERVICE CHICAGO,PFG
PFG-FOODSTAR PERFORMANCE FOODSERVICE ELLENBEE,PFG
PFG-FOODSTAR PERFORMANCE FOODSERVICE FLORENCE,PFG
PFG-FOODSTAR PERFORMANCE FOODSERVICE FOX RIVER,PFG
PFG-FOODSTAR PERFORMANCE FOODSERVICE LEDYARD,PFG
PFG-FOODSTAR PERFORMANCE FOODSERVICE LESTER,PFG
PFG-FOODSTAR PERFORMANCE FOODSERVICE LITTLE ROCK,PFG
PFG-FOODSTAR PERFORMANCE FOODSERVICE MARYLAND,PFG
PFG-FOODSTAR PERFORMANCE FOODSERVICE METRO NY 1,PFG
PFG-FOODSTAR PERFORMANCE FOODSERVICE MILTON'S,PFG
PFG-FOODSTAR PERFORMANCE FOODSERVICE NASHVILLE,PFG
PFG-FOODSTAR PERFORMANCE FOODSERVICE NORTHCENTER,PFG
PFG-FOODSTAR PERFORMANCE FOODSERVICE SPRINGFIELD,PFG
PFG-FOODSTAR PERFORMANCE FOODSERVICE TPC,PFG
PFG-FOODSTAR PERFORMANCE PACIFIC NW,PFG
PFG-IFH PERFORMANCE FOODSERVICE FLORENCE,PFG
PFG-IFH PERFORMANCE FOODSERVICE HICKORY,PFG
PFG-LEDYARD PFGLC,PFG
PFG-SOMERSET PERFORMANCE FOODSERVICE - SOMERSET,PFG
REINHART FOODS RFSBGN,PFG
REINHART FOODS RFSBUR,PFG
REINHART FOODS RFSCED,PFG
REINHART FOODS RFSJNC,PFG
REINHART FOODS RFSKAN,PFG
REINHART FOODS RFSKNX,PFG
REINHART FOODS RFSLAX,PFG
REINHART FOODS RFSMIL,PFG
REINHART FOODS RFSMQT,PFG
REINHART FOODS RFSMSL,PFG
REINHART FOODS RFSNOR,PFG
REINHART FOODS RFSOMA,PFG
REINHART FOODS RFSPIT,PFG
REINHART FOODS RFSSFD,PFG
REINHART FOODS RFSSHO,PFG
REINHART FOODS RFSSHR,PFG
REINHART FOODS RFSSUF,PFG
REINHART FOODS RFSSUN,PFG
REINHART FOODS RFSTWC,PFG
REINHART FOODS RFSVAL,PFG
RRS FOODSERVICE RRS FOODSERVICE,RRS FS
SHAMROCK FOODSERVICE SHAMROCK FOODS COMPANY CA,Shamrock
SHAMROCK FOODSERVICE SHAMROCK FOODS COMPANY CO,Shamrock
SHAMROCK FOODSERVICE SHAMROCK FOODS COMPANY NM,Shamrock
SHAMROCK FOODSERVICE SHAMROCK FOODS COMPANY PHX,Shamrock
SPRINGFIELD GROCER CO. SPRINGFIELD GROCER CO.,Springfield
SYSCO ALASKA,Sysco
SYSCO ALBANY,Sysco
SYSCO ARIZONA,Sysco
SYSCO ARKANSAS,Sysco
SYSCO ATLANTA,Sysco
SYSCO BALTIMORE,Sysco
SYSCO BARABOO,Sysco
SYSCO BOSTON,Sysco
SYSCO CENTRAL CALIFORNIA,Sysco
SYSCO CENTRAL ILLINOIS,Sysco
SYSCO CENTRAL PENNSYLVANIA,Sysco
SYSCO CENTRAL TEXAS,Sysco
SYSCO CHARLOTTE,Sysco
SYSCO CHICAGO,Sysco
SYSCO CINCINNATI,Sysco
SYSCO CLEVELAND,Sysco
SYSCO COLUMBIA,Sysco
SYSCO CONNECTICUT,Sysco
SYSCO DENVER,Sysco
SYSCO DOERLE,Sysco
SYSCO EAST TEXAS,Sysco
SYSCO EAST WISCONSIN,Sysco
SYSCO EASTERN MARYLAND,Sysco
SYSCO GRAND RAPIDS,Sysco
SYSCO HAMPTON ROADS,Sysco
SYSCO HOUSTON,Sysco
SYSCO IDAHO,Sysco
SYSCO INTERMOUNTAIN,Sysco
SYSCO IOWA,Sysco
SYSCO JACKSON,Sysco
SYSCO KANSAS CITY,Sysco
SYSCO KNOXVILLE,Sysco
SYSCO LINCOLN,Sysco
SYSCO LOS ANGELES,Sysco
SYSCO MEMPHIS,Sysco
SYSCO METRO NEW YORK,Sysco
SYSCO MINNESOTA,Sysco
SYSCO MONTANA,Sysco
SYSCO NASHVILLE,Sysco
SYSCO NEW MEXICO,Sysco
SYSCO NEW ORLEANS,Sysco
SYSCO NORTH DAKOTA,Sysco
SYSCO NORTH TEXAS,Sysco
SYSCO NORTHERN NEW ENGLAND,Sysco
SYSCO OKLAHOMA,Sysco
SYSCO PHILADELPHIA,Sysco
SYSCO PITTSBURGH,Sysco
SYSCO PORTLAND,Sysco
SYSCO RALEIGH,Sysco
SYSCO RIVERSIDE,Sysco
SYSCO SACRAMENTO,Sysco
SYSCO SAN DIEGO,Sysco
SYSCO SAN FRANCISCO,Sysco
SYSCO SEATTLE,Sysco
SYSCO SOUTHEAST FLORIDA,Sysco
SYSCO SPOKANE,Sysco
SYSCO SYRACUSE,Sysco
SYSCO VENTURA,Sysco
SYSCO VIRGINIA,Sysco
SYSCO WEST COAST FLORIDA,Sysco
SYSCO WEST TEXAS,Sysco
SYSCO WESTERN MINNESOTA,Sysco
TOBA BRAUNGER FOODSERVICE,Toba
TOBA THE THOMPSON COMPANY,Toba
TOBA VARIETY FOODS,Toba
URM FOODSERVICE SPOKANE,URM
"US FOODSERVICE, INC ALBANY/9B",USF
"US FOODSERVICE, INC ALBUQUERQUE/8V",USF
"US FOODSERVICE, INC ALLENTOWN/2J",USF
"US FOODSERVICE, INC ATLANTA/5I",USF
"US FOODSERVICE, INC AUSTIN/6Z",USF
"US FOODSERVICE, INC BISMARCK/3J",USF
"US FOODSERVICE, INC BOCA RATON/8N",USF
"US FOODSERVICE, INC BOSTON/2O",USF
"US FOODSERVICE, INC CINCINNATI/3W",USF
"US FOODSERVICE, INC CLEVELAND/3Z",USF
"US FOODSERVICE, INC COLUMBIA/5D",USF
"US FOODSERVICE, INC CONNECTICUT/2G",USF
"US FOODSERVICE, INC CORONA/4U",USF
"US FOODSERVICE, INC DALLAS\FORT WORTH/6W",USF
"US FOODSERVICE, INC DENVER/6V",USF
"US FOODSERVICE, INC DETROIT/8L",USF
"US FOODSERVICE, INC FORT MILL/6B",USF
"US FOODSERVICE, INC GRAND FORKS/3L",USF
"US FOODSERVICE, INC GRAND ISLAND/6A",USF
"US FOODSERVICE, INC INDIANAPOLIS/3V",USF
"US FOODSERVICE, INC IOWA/6F",USF
"US FOODSERVICE, INC JACKSON/6U",USF
"US FOODSERVICE, INC KANSAS CITY/6I",USF
"US FOODSERVICE, INC LITTLE ROCK/6D",USF
"US FOODSERVICE, INC LOS ANGELES/4C",USF
"US FOODSERVICE, INC LUBBOCK/6N",USF
"US FOODSERVICE, INC MEMPHIS/8S",USF
"US FOODSERVICE, INC MENOMONEE FALLS/3D",USF
"US FOODSERVICE, INC METRO NEW YORK/2I",USF
"US FOODSERVICE, INC MINNESOTA/3F",USF
"US FOODSERVICE, INC MONTGOMERY/5Y",USF
"US FOODSERVICE, INC OKLAHOMA CITY/6J",USF
"US FOODSERVICE, INC PHILLY-BRIDGEPORT/4V",USF
"US FOODSERVICE, INC PHILLY-SWEDESBORO/2Z",USF
"US FOODSERVICE, INC PHOENIX/4I",USF
"US FOODSERVICE, INC PORT ORANGE/5Z",USF
"US FOODSERVICE, INC RALEIGH/5G",USF
"US FOODSERVICE, INC RENO/4R",USF
"US FOODSERVICE, INC SALEM/8U",USF
"US FOODSERVICE, INC SALT LAKE CITY/4H",USF
"US FOODSERVICE, INC SAN DIEGO/4J",USF
"US FOODSERVICE, INC SAN FRANCISCO/4O",USF
"US FOODSERVICE, INC SEATTLE/4Q",USF
"US FOODSERVICE, INC SIOUX FALLS/3S",USF
"US FOODSERVICE, INC SOUTHERN NEW ENGLAND",USF
"US FOODSERVICE, INC ST.LOUIS/9U",USF
"US FOODSERVICE, INC TAMPA/9D",USF
"US FOODSERVICE, INC US FOODS MILWAUKEE 248 3D",USF
"US FOODSERVICE, INC W.PA-ALTOONA/2H",USF
"US FOODSERVICE, INC W.PA-GREENSBURG/8E",USF
"US FOODSERVICE, INC WEST VIRGINIA/2L",USF
"US FOODSERVICE, INC WISCONSIN/3D",USF
VISTAR PICK & PACK IPS DENVER,Vistar
VISTAR PICK & PACK IPS ILLINOIS,Vistar
VISTAR PICK & PACK IPS PORTLAND,Vistar
VISTAR PICK & PACK IPS SOUTHERN CALIFORNIA,Vistar
WABASH FOODSERVICE VINCENNES,Wabash
Y. HATA & CO. HILO WAREHOUSE,Y Hata
Y. HATA & CO. SAND ISLAND WAREHOUSE,Y Hata
GOLD STAR FOODS PON,Good Source
GOOD SOURCE DORI FOODS,Good Source
GOOD SOURCE PON FOOD CORPORATION,Good Source
SHAMROCK FOODSERVICE SHAMROCK FOODS COMPANY BS,Shamrock
SYSCO CENTRAL ALABAMA,Sysco
"US FOODSERVICE, INC DENVER-SOUTH/6V",USF
"US FOODSERVICE, INC SEATTLE-NORTH/9L",USF
"US FOODSERVICE, INC OMAHA/9I",USF
